Insert into CUSTOMER_RATING values('C10001','M00000001',3);
Insert into CUSTOMER_RATING values('C10002','M00000002',4);
Insert into CUSTOMER_RATING values('C10003','M00000003',2);
Insert into CUSTOMER_RATING values('C10004','M00000004',1);
Insert into CUSTOMER_RATING values('C10005','M00000005',3);
Insert into CUSTOMER_RATING values('C10006','M00000006',5);
Insert into CUSTOMER_RATING values('C10007','M00000007',3);
Insert into CUSTOMER_RATING values('C10008','M00000008',4);
Insert into CUSTOMER_RATING values('C10009','M00000009',2);
Insert into CUSTOMER_RATING values('C10010','M00000010',1);
Insert into CUSTOMER_RATING values('C10011','M00000011',3);
Insert into CUSTOMER_RATING values('C10012','M00000012',5);
Insert into CUSTOMER_RATING values('C10013','M00000013',3);
Insert into CUSTOMER_RATING values('C10014','M00000014',4);
Insert into CUSTOMER_RATING values('C10015','M00000015',2);
Insert into CUSTOMER_RATING values('C10016','M00000016',1);
Insert into CUSTOMER_RATING values('C10017','M00000017',3);
Insert into CUSTOMER_RATING values('C10018','M00000018',5);
Insert into CUSTOMER_RATING values('C10019','M00000019',3);
Insert into CUSTOMER_RATING values('C10020','M00000020',4);
Insert into CUSTOMER_RATING values('C10021','M00000021',2);
Insert into CUSTOMER_RATING values('C10022','M00000022',1);
Insert into CUSTOMER_RATING values('C10023','M00000023',3);
Insert into CUSTOMER_RATING values('C10024','M00000024',5);
Insert into CUSTOMER_RATING values('C10025','M00000025',3);
Insert into CUSTOMER_RATING values('C10026','M00000026',4);
Insert into CUSTOMER_RATING values('C10027','M00000027',2);
Insert into CUSTOMER_RATING values('C10028','M00000028',1);
Insert into CUSTOMER_RATING values('C10029','M00000029',3);
Insert into CUSTOMER_RATING values('C10030','M00000030',5);
Insert into CUSTOMER_RATING values('C10031','M00000031',3);
Insert into CUSTOMER_RATING values('C10032','M00000032',4);
Insert into CUSTOMER_RATING values('C10033','M00000033',2);
Insert into CUSTOMER_RATING values('C10034','M00000034',1);
Insert into CUSTOMER_RATING values('C10035','M00000035',3);
Insert into CUSTOMER_RATING values('C10036','M00000036',5);
Insert into CUSTOMER_RATING values('C10037','M00000037',3);
Insert into CUSTOMER_RATING values('C10038','M00000038',4);
Insert into CUSTOMER_RATING values('C10039','M00000039',2);
Insert into CUSTOMER_RATING values('C10040','M00000040',1);
Insert into CUSTOMER_RATING values('C10041','M00000041',3);
Insert into CUSTOMER_RATING values('C10042','M00000042',5);
Insert into CUSTOMER_RATING values('C10043','M00000043',3);
Insert into CUSTOMER_RATING values('C10044','M00000044',4);
Insert into CUSTOMER_RATING values('C10045','M00000045',2);
Insert into CUSTOMER_RATING values('C10046','M00000046',1);
Insert into CUSTOMER_RATING values('C10047','M00000047',3);
Insert into CUSTOMER_RATING values('C10048','M00000048',5);
Insert into CUSTOMER_RATING values('C10049','M00000049',3);
Insert into CUSTOMER_RATING values('C10050','M00000050',4);
Insert into CUSTOMER_RATING values('C10051','M00000051',2);
Insert into CUSTOMER_RATING values('C10052','M00000052',1);
Insert into CUSTOMER_RATING values('C10053','M00000053',3);
Insert into CUSTOMER_RATING values('C10054','M00000054',5);
Insert into CUSTOMER_RATING values('C10055','M00000055',3);
Insert into CUSTOMER_RATING values('C10056','M00000056',4);
Insert into CUSTOMER_RATING values('C10057','M00000057',2);
Insert into CUSTOMER_RATING values('C10058','M00000058',1);
Insert into CUSTOMER_RATING values('C10059','M00000059',3);
Insert into CUSTOMER_RATING values('C10060','M00000060',5);
Insert into CUSTOMER_RATING values('C10061','M00000061',3);
Insert into CUSTOMER_RATING values('C10062','M00000062',4);
Insert into CUSTOMER_RATING values('C10063','M00000063',2);
Insert into CUSTOMER_RATING values('C10064','M00000064',1);
Insert into CUSTOMER_RATING values('C10065','M00000065',3);
Insert into CUSTOMER_RATING values('C10066','M00000066',5);
Insert into CUSTOMER_RATING values('C10067','M00000067',3);
Insert into CUSTOMER_RATING values('C10068','M00000068',4);
Insert into CUSTOMER_RATING values('C10069','M00000069',2);
Insert into CUSTOMER_RATING values('C10070','M00000070',1);
Insert into CUSTOMER_RATING values('C10071','M00000071',3);
Insert into CUSTOMER_RATING values('C10072','M00000072',5);
Insert into CUSTOMER_RATING values('C10073','M00000073',3);
Insert into CUSTOMER_RATING values('C10074','M00000074',4);
Insert into CUSTOMER_RATING values('C10075','M00000075',2);
Insert into CUSTOMER_RATING values('C10076','M00000076',1);
Insert into CUSTOMER_RATING values('C10077','M00000077',3);
Insert into CUSTOMER_RATING values('C10078','M00000078',5);
Insert into CUSTOMER_RATING values('C10079','M00000079',3);
Insert into CUSTOMER_RATING values('C10080','M00000080',4);
Insert into CUSTOMER_RATING values('C10081','M00000081',2);
Insert into CUSTOMER_RATING values('C10082','M00000082',1);
Insert into CUSTOMER_RATING values('C10083','M00000083',3);
Insert into CUSTOMER_RATING values('C10084','M00000084',5);
Insert into CUSTOMER_RATING values('C10085','M00000085',3);
Insert into CUSTOMER_RATING values('C10086','M00000086',4);
Insert into CUSTOMER_RATING values('C10087','M00000087',2);
Insert into CUSTOMER_RATING values('C10088','M00000088',1);
Insert into CUSTOMER_RATING values('C10089','M00000089',3);
Insert into CUSTOMER_RATING values('C10090','M00000090',5);
Insert into CUSTOMER_RATING values('C10091','M00000091',3);
Insert into CUSTOMER_RATING values('C10092','M00000092',4);
Insert into CUSTOMER_RATING values('C10093','M00000093',2);
Insert into CUSTOMER_RATING values('C10094','M00000094',1);
Insert into CUSTOMER_RATING values('C10095','M00000095',3);
Insert into CUSTOMER_RATING values('C10096','M00000096',5);
Insert into CUSTOMER_RATING values('C10097','M00000097',3);
Insert into CUSTOMER_RATING values('C10098','M00000098',4);
Insert into CUSTOMER_RATING values('C10099','M00000099',2);
Insert into CUSTOMER_RATING values('C10100','M00000100',1);
Insert into CUSTOMER_RATING values('C10101','M00000101',3);
Insert into CUSTOMER_RATING values('C10102','M00000102',5);
Insert into CUSTOMER_RATING values('C10103','M00000103',3);
Insert into CUSTOMER_RATING values('C10104','M00000104',4);
Insert into CUSTOMER_RATING values('C10105','M00000105',2);
Insert into CUSTOMER_RATING values('C10106','M00000106',1);
Insert into CUSTOMER_RATING values('C10107','M00000107',3);
Insert into CUSTOMER_RATING values('C10108','M00000108',5);
Insert into CUSTOMER_RATING values('C10109','M00000109',3);
Insert into CUSTOMER_RATING values('C10110','M00000110',4);
Insert into CUSTOMER_RATING values('C10111','M00000111',2);
Insert into CUSTOMER_RATING values('C10112','M00000112',1);
Insert into CUSTOMER_RATING values('C10113','M00000113',3);
Insert into CUSTOMER_RATING values('C10114','M00000114',5);
Insert into CUSTOMER_RATING values('C10115','M00000115',3);
Insert into CUSTOMER_RATING values('C10116','M00000116',4);
Insert into CUSTOMER_RATING values('C10117','M00000117',2);
Insert into CUSTOMER_RATING values('C10118','M00000118',1);
Insert into CUSTOMER_RATING values('C10119','M00000119',3);
Insert into CUSTOMER_RATING values('C10120','M00000120',5);
Insert into CUSTOMER_RATING values('C10121','M00000121',3);
Insert into CUSTOMER_RATING values('C10122','M00000122',4);
Insert into CUSTOMER_RATING values('C10123','M00000123',2);
Insert into CUSTOMER_RATING values('C10124','M00000124',1);
Insert into CUSTOMER_RATING values('C10125','M00000125',3);
Insert into CUSTOMER_RATING values('C10126','M00000126',5);
Insert into CUSTOMER_RATING values('C10127','M00000127',3);
Insert into CUSTOMER_RATING values('C10128','M00000128',4);
Insert into CUSTOMER_RATING values('C10129','M00000129',2);
Insert into CUSTOMER_RATING values('C10130','M00000130',1);
Insert into CUSTOMER_RATING values('C10131','M00000131',3);
Insert into CUSTOMER_RATING values('C10132','M00000132',5);
Insert into CUSTOMER_RATING values('C10133','M00000133',3);
Insert into CUSTOMER_RATING values('C10134','M00000134',4);
Insert into CUSTOMER_RATING values('C10135','M00000135',2);
Insert into CUSTOMER_RATING values('C10136','M00000136',1);
Insert into CUSTOMER_RATING values('C10137','M00000137',3);
Insert into CUSTOMER_RATING values('C10138','M00000138',5);
Insert into CUSTOMER_RATING values('C10139','M00000139',3);
Insert into CUSTOMER_RATING values('C10140','M00000140',4);
Insert into CUSTOMER_RATING values('C10141','M00000141',2);
Insert into CUSTOMER_RATING values('C10142','M00000142',1);
Insert into CUSTOMER_RATING values('C10143','M00000143',3);
Insert into CUSTOMER_RATING values('C10144','M00000144',5);
Insert into CUSTOMER_RATING values('C10145','M00000145',3);
Insert into CUSTOMER_RATING values('C10146','M00000146',4);
Insert into CUSTOMER_RATING values('C10147','M00000147',2);
Insert into CUSTOMER_RATING values('C10148','M00000148',1);
Insert into CUSTOMER_RATING values('C10149','M00000149',3);
Insert into CUSTOMER_RATING values('C10150','M00000150',5);
Insert into CUSTOMER_RATING values('C10151','M00000151',3);
Insert into CUSTOMER_RATING values('C10152','M00000152',4);
Insert into CUSTOMER_RATING values('C10153','M00000153',2);
Insert into CUSTOMER_RATING values('C10154','M00000154',1);
Insert into CUSTOMER_RATING values('C10155','M00000155',3);
Insert into CUSTOMER_RATING values('C10156','M00000156',5);
Insert into CUSTOMER_RATING values('C10157','M00000157',3);
Insert into CUSTOMER_RATING values('C10158','M00000158',4);
Insert into CUSTOMER_RATING values('C10159','M00000159',2);
Insert into CUSTOMER_RATING values('C10160','M00000160',1);
Insert into CUSTOMER_RATING values('C10161','M00000161',3);
Insert into CUSTOMER_RATING values('C10162','M00000162',5);
Insert into CUSTOMER_RATING values('C10163','M00000163',3);
Insert into CUSTOMER_RATING values('C10164','M00000164',4);
Insert into CUSTOMER_RATING values('C10165','M00000165',2);
Insert into CUSTOMER_RATING values('C10166','M00000166',1);
Insert into CUSTOMER_RATING values('C10167','M00000167',3);
Insert into CUSTOMER_RATING values('C10168','M00000168',5);
Insert into CUSTOMER_RATING values('C10169','M00000169',3);
Insert into CUSTOMER_RATING values('C10170','M00000170',4);
Insert into CUSTOMER_RATING values('C10171','M00000171',2);
Insert into CUSTOMER_RATING values('C10172','M00000172',1);
Insert into CUSTOMER_RATING values('C10173','M00000173',3);
Insert into CUSTOMER_RATING values('C10174','M00000174',5);
Insert into CUSTOMER_RATING values('C10175','M00000175',3);
Insert into CUSTOMER_RATING values('C10176','M00000176',4);
Insert into CUSTOMER_RATING values('C10177','M00000177',2);
Insert into CUSTOMER_RATING values('C10178','M00000178',1);
Insert into CUSTOMER_RATING values('C10179','M00000179',3);
Insert into CUSTOMER_RATING values('C10180','M00000180',5);
Insert into CUSTOMER_RATING values('C10181','M00000181',3);
Insert into CUSTOMER_RATING values('C10182','M00000182',4);
Insert into CUSTOMER_RATING values('C10183','M00000183',2);
Insert into CUSTOMER_RATING values('C10184','M00000184',1);
Insert into CUSTOMER_RATING values('C10185','M00000185',3);
Insert into CUSTOMER_RATING values('C10186','M00000186',5);
Insert into CUSTOMER_RATING values('C10187','M00000187',3);
Insert into CUSTOMER_RATING values('C10188','M00000188',4);
Insert into CUSTOMER_RATING values('C10189','M00000189',2);
Insert into CUSTOMER_RATING values('C10190','M00000190',1);
Insert into CUSTOMER_RATING values('C10191','M00000191',3);
Insert into CUSTOMER_RATING values('C10192','M00000192',5);
Insert into CUSTOMER_RATING values('C10193','M00000193',3);
Insert into CUSTOMER_RATING values('C10194','M00000194',4);
Insert into CUSTOMER_RATING values('C10195','M00000195',2);
Insert into CUSTOMER_RATING values('C10196','M00000196',1);
Insert into CUSTOMER_RATING values('C10197','M00000197',3);
Insert into CUSTOMER_RATING values('C10198','M00000198',5);
Insert into CUSTOMER_RATING values('C10199','M00000199',3);
Insert into CUSTOMER_RATING values('C10200','M00000200',4);
Insert into CUSTOMER_RATING values('C10201','M00000201',2);
Insert into CUSTOMER_RATING values('C10202','M00000202',1);
Insert into CUSTOMER_RATING values('C10203','M00000203',3);
Insert into CUSTOMER_RATING values('C10204','M00000204',5);
Insert into CUSTOMER_RATING values('C10205','M00000205',3);
Insert into CUSTOMER_RATING values('C10206','M00000206',4);
Insert into CUSTOMER_RATING values('C10207','M00000207',2);
Insert into CUSTOMER_RATING values('C10208','M00000208',1);
Insert into CUSTOMER_RATING values('C10209','M00000209',3);
Insert into CUSTOMER_RATING values('C10210','M00000210',5);
Insert into CUSTOMER_RATING values('C10211','M00000211',3);
Insert into CUSTOMER_RATING values('C10212','M00000212',4);
Insert into CUSTOMER_RATING values('C10213','M00000213',2);
Insert into CUSTOMER_RATING values('C10214','M00000214',1);
Insert into CUSTOMER_RATING values('C10215','M00000215',3);
Insert into CUSTOMER_RATING values('C10216','M00000216',5);
Insert into CUSTOMER_RATING values('C10217','M00000217',3);
Insert into CUSTOMER_RATING values('C10218','M00000218',4);
Insert into CUSTOMER_RATING values('C10219','M00000219',2);
Insert into CUSTOMER_RATING values('C10220','M00000220',1);
Insert into CUSTOMER_RATING values('C10221','M00000221',3);
Insert into CUSTOMER_RATING values('C10222','M00000222',5);
Insert into CUSTOMER_RATING values('C10223','M00000223',3);
Insert into CUSTOMER_RATING values('C10224','M00000224',4);
Insert into CUSTOMER_RATING values('C10225','M00000225',2);
Insert into CUSTOMER_RATING values('C10226','M00000226',1);
Insert into CUSTOMER_RATING values('C10227','M00000227',3);
Insert into CUSTOMER_RATING values('C10228','M00000228',5);
Insert into CUSTOMER_RATING values('C10229','M00000229',3);
Insert into CUSTOMER_RATING values('C10230','M00000230',4);
Insert into CUSTOMER_RATING values('C10231','M00000231',2);
Insert into CUSTOMER_RATING values('C10232','M00000232',1);
Insert into CUSTOMER_RATING values('C10233','M00000233',3);
Insert into CUSTOMER_RATING values('C10234','M00000234',5);
Insert into CUSTOMER_RATING values('C10235','M00000235',3);
Insert into CUSTOMER_RATING values('C10236','M00000236',4);
Insert into CUSTOMER_RATING values('C10237','M00000237',2);
Insert into CUSTOMER_RATING values('C10238','M00000238',1);
Insert into CUSTOMER_RATING values('C10239','M00000239',3);
Insert into CUSTOMER_RATING values('C10240','M00000240',5);
Insert into CUSTOMER_RATING values('C10241','M00000241',3);
Insert into CUSTOMER_RATING values('C10242','M00000242',4);
Insert into CUSTOMER_RATING values('C10243','M00000243',2);
Insert into CUSTOMER_RATING values('C10244','M00000244',1);
Insert into CUSTOMER_RATING values('C10245','M00000245',3);
Insert into CUSTOMER_RATING values('C10246','M00000246',5);
Insert into CUSTOMER_RATING values('C10247','M00000247',3);
Insert into CUSTOMER_RATING values('C10248','M00000248',4);
Insert into CUSTOMER_RATING values('C10249','M00000249',2);
Insert into CUSTOMER_RATING values('C10250','M00000250',1);
Insert into CUSTOMER_RATING values('C10251','M00000251',3);
Insert into CUSTOMER_RATING values('C10252','M00000252',5);
Insert into CUSTOMER_RATING values('C10253','M00000253',3);
Insert into CUSTOMER_RATING values('C10254','M00000254',4);
Insert into CUSTOMER_RATING values('C10255','M00000255',2);
Insert into CUSTOMER_RATING values('C10256','M00000256',1);
Insert into CUSTOMER_RATING values('C10257','M00000257',3);
Insert into CUSTOMER_RATING values('C10258','M00000258',5);
Insert into CUSTOMER_RATING values('C10259','M00000259',3);
Insert into CUSTOMER_RATING values('C10260','M00000260',4);
Insert into CUSTOMER_RATING values('C10261','M00000261',2);
Insert into CUSTOMER_RATING values('C10262','M00000262',1);
Insert into CUSTOMER_RATING values('C10263','M00000263',3);
Insert into CUSTOMER_RATING values('C10264','M00000264',5);
Insert into CUSTOMER_RATING values('C10265','M00000265',3);
Insert into CUSTOMER_RATING values('C10266','M00000266',4);
Insert into CUSTOMER_RATING values('C10267','M00000267',2);
Insert into CUSTOMER_RATING values('C10268','M00000268',1);
Insert into CUSTOMER_RATING values('C10269','M00000269',3);
Insert into CUSTOMER_RATING values('C10270','M00000270',5);
Insert into CUSTOMER_RATING values('C10271','M00000271',3);
Insert into CUSTOMER_RATING values('C10272','M00000272',4);
Insert into CUSTOMER_RATING values('C10273','M00000273',2);
Insert into CUSTOMER_RATING values('C10274','M00000274',1);
Insert into CUSTOMER_RATING values('C10275','M00000275',3);
Insert into CUSTOMER_RATING values('C10276','M00000276',5);
Insert into CUSTOMER_RATING values('C10277','M00000277',3);
Insert into CUSTOMER_RATING values('C10278','M00000278',4);
Insert into CUSTOMER_RATING values('C10279','M00000279',2);
Insert into CUSTOMER_RATING values('C10280','M00000280',1);
Insert into CUSTOMER_RATING values('C10281','M00000281',3);
Insert into CUSTOMER_RATING values('C10282','M00000282',5);
Insert into CUSTOMER_RATING values('C10283','M00000283',3);
Insert into CUSTOMER_RATING values('C10284','M00000284',4);
Insert into CUSTOMER_RATING values('C10285','M00000285',2);
Insert into CUSTOMER_RATING values('C10286','M00000286',1);
Insert into CUSTOMER_RATING values('C10287','M00000287',3);
Insert into CUSTOMER_RATING values('C10288','M00000288',5);
Insert into CUSTOMER_RATING values('C10289','M00000289',3);
Insert into CUSTOMER_RATING values('C10290','M00000290',4);
Insert into CUSTOMER_RATING values('C10291','M00000291',2);
Insert into CUSTOMER_RATING values('C10292','M00000292',1);
Insert into CUSTOMER_RATING values('C10293','M00000293',3);
Insert into CUSTOMER_RATING values('C10294','M00000294',5);
Insert into CUSTOMER_RATING values('C10295','M00000295',3);
Insert into CUSTOMER_RATING values('C10296','M00000296',4);
Insert into CUSTOMER_RATING values('C10297','M00000297',2);
Insert into CUSTOMER_RATING values('C10298','M00000298',1);
Insert into CUSTOMER_RATING values('C10299','M00000299',3);
Insert into CUSTOMER_RATING values('C10300','M00000300',5);
Insert into CUSTOMER_RATING values('C10301','M00000301',3);
Insert into CUSTOMER_RATING values('C10302','M00000302',4);
Insert into CUSTOMER_RATING values('C10303','M00000303',2);
Insert into CUSTOMER_RATING values('C10304','M00000304',1);
Insert into CUSTOMER_RATING values('C10305','M00000305',3);
Insert into CUSTOMER_RATING values('C10306','M00000306',5);
Insert into CUSTOMER_RATING values('C10307','M00000307',3);
Insert into CUSTOMER_RATING values('C10308','M00000308',4);
Insert into CUSTOMER_RATING values('C10309','M00000309',2);
Insert into CUSTOMER_RATING values('C10310','M00000310',1);
Insert into CUSTOMER_RATING values('C10311','M00000311',3);
Insert into CUSTOMER_RATING values('C10312','M00000312',5);
Insert into CUSTOMER_RATING values('C10313','M00000313',3);
Insert into CUSTOMER_RATING values('C10314','M00000314',4);
Insert into CUSTOMER_RATING values('C10315','M00000315',2);
Insert into CUSTOMER_RATING values('C10316','M00000316',1);
Insert into CUSTOMER_RATING values('C10317','M00000317',3);
Insert into CUSTOMER_RATING values('C10318','M00000318',5);
Insert into CUSTOMER_RATING values('C10319','M00000319',3);
Insert into CUSTOMER_RATING values('C10320','M00000320',4);
Insert into CUSTOMER_RATING values('C10321','M00000321',2);
Insert into CUSTOMER_RATING values('C10322','M00000322',1);
Insert into CUSTOMER_RATING values('C10323','M00000323',3);
Insert into CUSTOMER_RATING values('C10324','M00000324',5);
Insert into CUSTOMER_RATING values('C10325','M00000325',3);
Insert into CUSTOMER_RATING values('C10326','M00000326',4);
Insert into CUSTOMER_RATING values('C10327','M00000327',2);
Insert into CUSTOMER_RATING values('C10328','M00000328',1);
Insert into CUSTOMER_RATING values('C10329','M00000329',3);
Insert into CUSTOMER_RATING values('C10330','M00000330',5);
Insert into CUSTOMER_RATING values('C10331','M00000331',3);
Insert into CUSTOMER_RATING values('C10332','M00000332',4);
Insert into CUSTOMER_RATING values('C10333','M00000333',2);
Insert into CUSTOMER_RATING values('C10334','M00000334',1);
Insert into CUSTOMER_RATING values('C10335','M00000335',3);
Insert into CUSTOMER_RATING values('C10336','M00000336',5);
Insert into CUSTOMER_RATING values('C10337','M00000337',3);
Insert into CUSTOMER_RATING values('C10338','M00000338',4);
Insert into CUSTOMER_RATING values('C10339','M00000339',2);
Insert into CUSTOMER_RATING values('C10340','M00000340',1);
Insert into CUSTOMER_RATING values('C10341','M00000341',3);
Insert into CUSTOMER_RATING values('C10342','M00000342',5);
Insert into CUSTOMER_RATING values('C10343','M00000343',3);
Insert into CUSTOMER_RATING values('C10344','M00000344',4);
Insert into CUSTOMER_RATING values('C10345','M00000345',2);
Insert into CUSTOMER_RATING values('C10346','M00000346',1);
Insert into CUSTOMER_RATING values('C10347','M00000347',3);
Insert into CUSTOMER_RATING values('C10348','M00000348',5);
Insert into CUSTOMER_RATING values('C10349','M00000349',3);
Insert into CUSTOMER_RATING values('C10350','M00000350',4);
Insert into CUSTOMER_RATING values('C10351','M00000351',2);
Insert into CUSTOMER_RATING values('C10352','M00000352',1);
Insert into CUSTOMER_RATING values('C10353','M00000353',3);
Insert into CUSTOMER_RATING values('C10354','M00000354',5);
Insert into CUSTOMER_RATING values('C10355','M00000355',3);
Insert into CUSTOMER_RATING values('C10356','M00000356',4);
Insert into CUSTOMER_RATING values('C10357','M00000357',2);
Insert into CUSTOMER_RATING values('C10358','M00000358',1);
Insert into CUSTOMER_RATING values('C10359','M00000359',3);
Insert into CUSTOMER_RATING values('C10360','M00000360',5);
Insert into CUSTOMER_RATING values('C10361','M00000361',3);
Insert into CUSTOMER_RATING values('C10362','M00000362',4);
Insert into CUSTOMER_RATING values('C10363','M00000363',2);
Insert into CUSTOMER_RATING values('C10364','M00000364',1);
Insert into CUSTOMER_RATING values('C10365','M00000365',3);
Insert into CUSTOMER_RATING values('C10366','M00000366',5);
Insert into CUSTOMER_RATING values('C10367','M00000367',3);
Insert into CUSTOMER_RATING values('C10368','M00000368',4);
Insert into CUSTOMER_RATING values('C10369','M00000369',2);
Insert into CUSTOMER_RATING values('C10370','M00000370',1);
Insert into CUSTOMER_RATING values('C10371','M00000371',3);
Insert into CUSTOMER_RATING values('C10372','M00000372',5);
Insert into CUSTOMER_RATING values('C10373','M00000373',3);
Insert into CUSTOMER_RATING values('C10374','M00000374',4);
Insert into CUSTOMER_RATING values('C10375','M00000375',2);
Insert into CUSTOMER_RATING values('C10376','M00000376',1);
Insert into CUSTOMER_RATING values('C10377','M00000377',3);
Insert into CUSTOMER_RATING values('C10378','M00000378',5);
Insert into CUSTOMER_RATING values('C10379','M00000379',3);
Insert into CUSTOMER_RATING values('C10380','M00000380',4);
Insert into CUSTOMER_RATING values('C10381','M00000381',2);
Insert into CUSTOMER_RATING values('C10382','M00000382',1);
Insert into CUSTOMER_RATING values('C10383','M00000383',3);
Insert into CUSTOMER_RATING values('C10384','M00000384',5);
Insert into CUSTOMER_RATING values('C10385','M00000385',3);
Insert into CUSTOMER_RATING values('C10386','M00000386',4);
Insert into CUSTOMER_RATING values('C10387','M00000387',2);
Insert into CUSTOMER_RATING values('C10388','M00000388',1);
Insert into CUSTOMER_RATING values('C10389','M00000389',3);
Insert into CUSTOMER_RATING values('C10390','M00000390',5);
Insert into CUSTOMER_RATING values('C10391','M00000391',3);
Insert into CUSTOMER_RATING values('C10392','M00000392',4);
Insert into CUSTOMER_RATING values('C10393','M00000393',2);
Insert into CUSTOMER_RATING values('C10394','M00000394',1);
Insert into CUSTOMER_RATING values('C10395','M00000395',3);
Insert into CUSTOMER_RATING values('C10396','M00000396',5);
Insert into CUSTOMER_RATING values('C10397','M00000397',3);
Insert into CUSTOMER_RATING values('C10398','M00000398',4);
Insert into CUSTOMER_RATING values('C10399','M00000399',2);
Insert into CUSTOMER_RATING values('C10400','M00000400',1);
Insert into CUSTOMER_RATING values('C10401','M00000401',3);
Insert into CUSTOMER_RATING values('C10402','M00000402',5);
Insert into CUSTOMER_RATING values('C10403','M00000403',3);
Insert into CUSTOMER_RATING values('C10404','M00000404',4);
Insert into CUSTOMER_RATING values('C10405','M00000405',2);
Insert into CUSTOMER_RATING values('C10406','M00000406',1);
Insert into CUSTOMER_RATING values('C10407','M00000407',3);
Insert into CUSTOMER_RATING values('C10408','M00000408',5);
Insert into CUSTOMER_RATING values('C10409','M00000409',3);
Insert into CUSTOMER_RATING values('C10410','M00000410',4);
Insert into CUSTOMER_RATING values('C10411','M00000411',2);
Insert into CUSTOMER_RATING values('C10412','M00000412',1);
Insert into CUSTOMER_RATING values('C10413','M00000413',3);
Insert into CUSTOMER_RATING values('C10414','M00000414',5);
Insert into CUSTOMER_RATING values('C10415','M00000415',3);
Insert into CUSTOMER_RATING values('C10416','M00000416',4);
Insert into CUSTOMER_RATING values('C10417','M00000417',2);
Insert into CUSTOMER_RATING values('C10418','M00000418',1);
Insert into CUSTOMER_RATING values('C10419','M00000419',3);
Insert into CUSTOMER_RATING values('C10420','M00000420',5);
Insert into CUSTOMER_RATING values('C10421','M00000421',3);
Insert into CUSTOMER_RATING values('C10422','M00000422',4);
Insert into CUSTOMER_RATING values('C10423','M00000423',2);
Insert into CUSTOMER_RATING values('C10424','M00000424',1);
Insert into CUSTOMER_RATING values('C10425','M00000425',3);
Insert into CUSTOMER_RATING values('C10426','M00000426',5);
Insert into CUSTOMER_RATING values('C10427','M00000427',3);
Insert into CUSTOMER_RATING values('C10428','M00000428',4);
Insert into CUSTOMER_RATING values('C10429','M00000429',2);
Insert into CUSTOMER_RATING values('C10430','M00000430',1);
Insert into CUSTOMER_RATING values('C10431','M00000431',3);
Insert into CUSTOMER_RATING values('C10432','M00000432',5);
Insert into CUSTOMER_RATING values('C10433','M00000433',3);
Insert into CUSTOMER_RATING values('C10434','M00000434',4);
Insert into CUSTOMER_RATING values('C10435','M00000435',2);
Insert into CUSTOMER_RATING values('C10436','M00000436',1);
Insert into CUSTOMER_RATING values('C10437','M00000437',3);
Insert into CUSTOMER_RATING values('C10438','M00000438',5);
Insert into CUSTOMER_RATING values('C10439','M00000439',3);
Insert into CUSTOMER_RATING values('C10440','M00000440',4);
Insert into CUSTOMER_RATING values('C10441','M00000441',2);
Insert into CUSTOMER_RATING values('C10442','M00000442',1);
Insert into CUSTOMER_RATING values('C10443','M00000443',3);
Insert into CUSTOMER_RATING values('C10444','M00000444',5);
Insert into CUSTOMER_RATING values('C10445','M00000445',3);
Insert into CUSTOMER_RATING values('C10446','M00000446',4);
Insert into CUSTOMER_RATING values('C10447','M00000447',2);
Insert into CUSTOMER_RATING values('C10448','M00000448',1);
Insert into CUSTOMER_RATING values('C10449','M00000449',3);
Insert into CUSTOMER_RATING values('C10450','M00000450',5);
Insert into CUSTOMER_RATING values('C10451','M00000451',3);
Insert into CUSTOMER_RATING values('C10452','M00000452',4);
Insert into CUSTOMER_RATING values('C10453','M00000453',2);
Insert into CUSTOMER_RATING values('C10454','M00000454',1);
Insert into CUSTOMER_RATING values('C10455','M00000455',3);
Insert into CUSTOMER_RATING values('C10456','M00000456',5);
Insert into CUSTOMER_RATING values('C10457','M00000457',3);
Insert into CUSTOMER_RATING values('C10458','M00000458',4);
Insert into CUSTOMER_RATING values('C10459','M00000459',2);
Insert into CUSTOMER_RATING values('C10460','M00000460',1);
Insert into CUSTOMER_RATING values('C10461','M00000461',3);
Insert into CUSTOMER_RATING values('C10462','M00000462',5);
Insert into CUSTOMER_RATING values('C10463','M00000463',3);
Insert into CUSTOMER_RATING values('C10464','M00000464',4);
Insert into CUSTOMER_RATING values('C10465','M00000465',2);
Insert into CUSTOMER_RATING values('C10466','M00000466',1);
Insert into CUSTOMER_RATING values('C10467','M00000467',3);
Insert into CUSTOMER_RATING values('C10468','M00000468',5);
Insert into CUSTOMER_RATING values('C10469','M00000469',3);
Insert into CUSTOMER_RATING values('C10470','M00000470',4);
Insert into CUSTOMER_RATING values('C10471','M00000471',2);
Insert into CUSTOMER_RATING values('C10472','M00000472',1);
Insert into CUSTOMER_RATING values('C10473','M00000473',3);
Insert into CUSTOMER_RATING values('C10474','M00000474',5);
Insert into CUSTOMER_RATING values('C10475','M00000475',3);
Insert into CUSTOMER_RATING values('C10476','M00000476',4);
Insert into CUSTOMER_RATING values('C10477','M00000477',2);
Insert into CUSTOMER_RATING values('C10478','M00000478',1);
Insert into CUSTOMER_RATING values('C10479','M00000479',3);
Insert into CUSTOMER_RATING values('C10480','M00000480',5);
Insert into CUSTOMER_RATING values('C10481','M00000481',3);
Insert into CUSTOMER_RATING values('C10482','M00000482',4);
Insert into CUSTOMER_RATING values('C10483','M00000483',2);
Insert into CUSTOMER_RATING values('C10484','M00000484',1);
Insert into CUSTOMER_RATING values('C10485','M00000485',3);
Insert into CUSTOMER_RATING values('C10486','M00000486',5);
Insert into CUSTOMER_RATING values('C10487','M00000487',3);
Insert into CUSTOMER_RATING values('C10488','M00000488',4);
Insert into CUSTOMER_RATING values('C10489','M00000489',2);
Insert into CUSTOMER_RATING values('C10490','M00000490',1);
Insert into CUSTOMER_RATING values('C10491','M00000491',3);
Insert into CUSTOMER_RATING values('C10492','M00000492',5);
Insert into CUSTOMER_RATING values('C10493','M00000493',3);
Insert into CUSTOMER_RATING values('C10494','M00000494',4);
Insert into CUSTOMER_RATING values('C10495','M00000495',2);
Insert into CUSTOMER_RATING values('C10496','M00000496',1);
Insert into CUSTOMER_RATING values('C10497','M00000497',3);
Insert into CUSTOMER_RATING values('C10498','M00000498',5);
Insert into CUSTOMER_RATING values('C10499','M00000499',3);
Insert into CUSTOMER_RATING values('C10500','M00000500',4);
Insert into CUSTOMER_RATING values('C10501','M00000501',2);
Insert into CUSTOMER_RATING values('C10502','M00000502',1);
Insert into CUSTOMER_RATING values('C10503','M00000503',3);
Insert into CUSTOMER_RATING values('C10504','M00000504',5);
Insert into CUSTOMER_RATING values('C10505','M00000505',3);
Insert into CUSTOMER_RATING values('C10506','M00000506',4);
Insert into CUSTOMER_RATING values('C10507','M00000507',2);
Insert into CUSTOMER_RATING values('C10508','M00000508',1);
Insert into CUSTOMER_RATING values('C10509','M00000509',3);
Insert into CUSTOMER_RATING values('C10510','M00000510',5);
Insert into CUSTOMER_RATING values('C10511','M00000511',3);
Insert into CUSTOMER_RATING values('C10512','M00000512',4);
Insert into CUSTOMER_RATING values('C10513','M00000513',2);
Insert into CUSTOMER_RATING values('C10514','M00000514',1);
Insert into CUSTOMER_RATING values('C10515','M00000515',3);
Insert into CUSTOMER_RATING values('C10516','M00000516',5);
Insert into CUSTOMER_RATING values('C10517','M00000517',3);
Insert into CUSTOMER_RATING values('C10518','M00000518',4);
Insert into CUSTOMER_RATING values('C10519','M00000519',2);
Insert into CUSTOMER_RATING values('C10520','M00000520',1);
Insert into CUSTOMER_RATING values('C10521','M00000521',3);
Insert into CUSTOMER_RATING values('C10522','M00000522',5);
Insert into CUSTOMER_RATING values('C10523','M00000523',3);
Insert into CUSTOMER_RATING values('C10524','M00000524',4);
Insert into CUSTOMER_RATING values('C10525','M00000525',2);
Insert into CUSTOMER_RATING values('C10526','M00000526',1);
Insert into CUSTOMER_RATING values('C10527','M00000527',3);
Insert into CUSTOMER_RATING values('C10528','M00000528',5);
Insert into CUSTOMER_RATING values('C10529','M00000529',3);
Insert into CUSTOMER_RATING values('C10530','M00000530',4);
Insert into CUSTOMER_RATING values('C10531','M00000531',2);
Insert into CUSTOMER_RATING values('C10532','M00000532',1);
Insert into CUSTOMER_RATING values('C10533','M00000533',3);
Insert into CUSTOMER_RATING values('C10534','M00000534',5);
Insert into CUSTOMER_RATING values('C10535','M00000535',3);
Insert into CUSTOMER_RATING values('C10536','M00000536',4);
Insert into CUSTOMER_RATING values('C10537','M00000537',2);
Insert into CUSTOMER_RATING values('C10538','M00000538',1);
Insert into CUSTOMER_RATING values('C10539','M00000539',3);
Insert into CUSTOMER_RATING values('C10540','M00000540',5);
Insert into CUSTOMER_RATING values('C10541','M00000541',3);
Insert into CUSTOMER_RATING values('C10542','M00000542',4);
Insert into CUSTOMER_RATING values('C10543','M00000543',2);
Insert into CUSTOMER_RATING values('C10544','M00000544',1);
Insert into CUSTOMER_RATING values('C10545','M00000545',3);
Insert into CUSTOMER_RATING values('C10546','M00000546',5);
Insert into CUSTOMER_RATING values('C10547','M00000547',3);
Insert into CUSTOMER_RATING values('C10548','M00000548',4);
Insert into CUSTOMER_RATING values('C10549','M00000549',2);
Insert into CUSTOMER_RATING values('C10550','M00000550',1);
Insert into CUSTOMER_RATING values('C10551','M00000551',3);
Insert into CUSTOMER_RATING values('C10552','M00000552',5);
Insert into CUSTOMER_RATING values('C10553','M00000553',3);
Insert into CUSTOMER_RATING values('C10554','M00000554',4);
Insert into CUSTOMER_RATING values('C10555','M00000555',2);
Insert into CUSTOMER_RATING values('C10556','M00000556',1);
Insert into CUSTOMER_RATING values('C10557','M00000557',3);
Insert into CUSTOMER_RATING values('C10558','M00000558',5);
Insert into CUSTOMER_RATING values('C10559','M00000559',3);
Insert into CUSTOMER_RATING values('C10560','M00000560',4);
Insert into CUSTOMER_RATING values('C10561','M00000561',2);
Insert into CUSTOMER_RATING values('C10562','M00000562',1);
Insert into CUSTOMER_RATING values('C10563','M00000563',3);
Insert into CUSTOMER_RATING values('C10564','M00000564',5);
Insert into CUSTOMER_RATING values('C10565','M00000565',3);
Insert into CUSTOMER_RATING values('C10566','M00000566',4);
Insert into CUSTOMER_RATING values('C10567','M00000567',2);
Insert into CUSTOMER_RATING values('C10568','M00000568',1);
Insert into CUSTOMER_RATING values('C10569','M00000569',3);
Insert into CUSTOMER_RATING values('C10570','M00000570',5);
Insert into CUSTOMER_RATING values('C10571','M00000571',3);
Insert into CUSTOMER_RATING values('C10572','M00000572',4);
Insert into CUSTOMER_RATING values('C10573','M00000573',2);
Insert into CUSTOMER_RATING values('C10574','M00000574',1);
Insert into CUSTOMER_RATING values('C10575','M00000575',3);
Insert into CUSTOMER_RATING values('C10576','M00000576',5);
Insert into CUSTOMER_RATING values('C10577','M00000577',3);
Insert into CUSTOMER_RATING values('C10578','M00000578',4);
Insert into CUSTOMER_RATING values('C10579','M00000579',2);
Insert into CUSTOMER_RATING values('C10580','M00000580',1);
Insert into CUSTOMER_RATING values('C10581','M00000581',3);
Insert into CUSTOMER_RATING values('C10582','M00000582',5);
Insert into CUSTOMER_RATING values('C10583','M00000583',3);
Insert into CUSTOMER_RATING values('C10584','M00000584',4);
Insert into CUSTOMER_RATING values('C10585','M00000585',2);
Insert into CUSTOMER_RATING values('C10586','M00000586',1);
Insert into CUSTOMER_RATING values('C10587','M00000587',3);
Insert into CUSTOMER_RATING values('C10588','M00000588',5);
Insert into CUSTOMER_RATING values('C10589','M00000589',3);
Insert into CUSTOMER_RATING values('C10590','M00000590',4);
Insert into CUSTOMER_RATING values('C10591','M00000591',2);
Insert into CUSTOMER_RATING values('C10592','M00000592',1);
Insert into CUSTOMER_RATING values('C10593','M00000593',3);
Insert into CUSTOMER_RATING values('C10594','M00000594',5);
Insert into CUSTOMER_RATING values('C10595','M00000595',3);
Insert into CUSTOMER_RATING values('C10596','M00000596',4);
Insert into CUSTOMER_RATING values('C10597','M00000597',2);
Insert into CUSTOMER_RATING values('C10598','M00000598',1);
Insert into CUSTOMER_RATING values('C10599','M00000599',3);
Insert into CUSTOMER_RATING values('C10600','M00000600',5);
Insert into CUSTOMER_RATING values('C10601','M00000601',3);
Insert into CUSTOMER_RATING values('C10602','M00000602',4);
Insert into CUSTOMER_RATING values('C10603','M00000603',2);
Insert into CUSTOMER_RATING values('C10604','M00000604',1);
Insert into CUSTOMER_RATING values('C10605','M00000605',3);
Insert into CUSTOMER_RATING values('C10606','M00000606',5);
Insert into CUSTOMER_RATING values('C10607','M00000607',3);
Insert into CUSTOMER_RATING values('C10608','M00000608',4);
Insert into CUSTOMER_RATING values('C10609','M00000609',2);
Insert into CUSTOMER_RATING values('C10610','M00000610',1);
Insert into CUSTOMER_RATING values('C10611','M00000611',3);
Insert into CUSTOMER_RATING values('C10612','M00000612',5);
Insert into CUSTOMER_RATING values('C10613','M00000613',3);
Insert into CUSTOMER_RATING values('C10614','M00000614',4);
Insert into CUSTOMER_RATING values('C10615','M00000615',2);
Insert into CUSTOMER_RATING values('C10616','M00000616',1);
Insert into CUSTOMER_RATING values('C10617','M00000617',3);
Insert into CUSTOMER_RATING values('C10618','M00000618',5);
Insert into CUSTOMER_RATING values('C10619','M00000619',3);
Insert into CUSTOMER_RATING values('C10620','M00000620',4);
Insert into CUSTOMER_RATING values('C10621','M00000621',2);
Insert into CUSTOMER_RATING values('C10622','M00000622',1);
Insert into CUSTOMER_RATING values('C10623','M00000623',3);
Insert into CUSTOMER_RATING values('C10624','M00000624',5);
Insert into CUSTOMER_RATING values('C10625','M00000625',3);
Insert into CUSTOMER_RATING values('C10626','M00000626',4);
Insert into CUSTOMER_RATING values('C10627','M00000627',2);
Insert into CUSTOMER_RATING values('C10628','M00000628',1);
Insert into CUSTOMER_RATING values('C10629','M00000629',3);
Insert into CUSTOMER_RATING values('C10630','M00000630',5);
Insert into CUSTOMER_RATING values('C10631','M00000631',3);
Insert into CUSTOMER_RATING values('C10632','M00000632',4);
Insert into CUSTOMER_RATING values('C10633','M00000633',2);
Insert into CUSTOMER_RATING values('C10634','M00000634',1);
Insert into CUSTOMER_RATING values('C10635','M00000635',3);
Insert into CUSTOMER_RATING values('C10636','M00000636',5);
Insert into CUSTOMER_RATING values('C10637','M00000637',3);
Insert into CUSTOMER_RATING values('C10638','M00000638',4);
Insert into CUSTOMER_RATING values('C10639','M00000639',2);
Insert into CUSTOMER_RATING values('C10640','M00000640',1);
Insert into CUSTOMER_RATING values('C10641','M00000641',3);
Insert into CUSTOMER_RATING values('C10642','M00000642',5);
Insert into CUSTOMER_RATING values('C10643','M00000643',3);
Insert into CUSTOMER_RATING values('C10644','M00000644',4);
Insert into CUSTOMER_RATING values('C10645','M00000645',2);
Insert into CUSTOMER_RATING values('C10646','M00000646',1);
Insert into CUSTOMER_RATING values('C10647','M00000647',3);
Insert into CUSTOMER_RATING values('C10648','M00000648',5);
Insert into CUSTOMER_RATING values('C10649','M00000649',3);
Insert into CUSTOMER_RATING values('C10650','M00000650',4);
Insert into CUSTOMER_RATING values('C10651','M00000651',2);
Insert into CUSTOMER_RATING values('C10652','M00000652',1);
Insert into CUSTOMER_RATING values('C10653','M00000653',3);
Insert into CUSTOMER_RATING values('C10654','M00000654',5);
Insert into CUSTOMER_RATING values('C10655','M00000655',3);
Insert into CUSTOMER_RATING values('C10656','M00000656',4);
Insert into CUSTOMER_RATING values('C10657','M00000657',2);
Insert into CUSTOMER_RATING values('C10658','M00000658',1);
Insert into CUSTOMER_RATING values('C10659','M00000659',3);
Insert into CUSTOMER_RATING values('C10660','M00000660',5);
Insert into CUSTOMER_RATING values('C10661','M00000661',3);
Insert into CUSTOMER_RATING values('C10662','M00000662',4);
Insert into CUSTOMER_RATING values('C10663','M00000663',2);
Insert into CUSTOMER_RATING values('C10664','M00000664',1);
Insert into CUSTOMER_RATING values('C10665','M00000665',3);
Insert into CUSTOMER_RATING values('C10666','M00000666',5);
Insert into CUSTOMER_RATING values('C10667','M00000667',3);
Insert into CUSTOMER_RATING values('C10668','M00000668',4);
Insert into CUSTOMER_RATING values('C10669','M00000669',2);
Insert into CUSTOMER_RATING values('C10670','M00000670',1);
Insert into CUSTOMER_RATING values('C10671','M00000671',3);
Insert into CUSTOMER_RATING values('C10672','M00000672',5);
Insert into CUSTOMER_RATING values('C10673','M00000673',3);
Insert into CUSTOMER_RATING values('C10674','M00000674',4);
Insert into CUSTOMER_RATING values('C10675','M00000675',2);
Insert into CUSTOMER_RATING values('C10676','M00000676',1);
Insert into CUSTOMER_RATING values('C10677','M00000677',3);
Insert into CUSTOMER_RATING values('C10678','M00000678',5);
Insert into CUSTOMER_RATING values('C10679','M00000679',3);
Insert into CUSTOMER_RATING values('C10680','M00000680',4);
Insert into CUSTOMER_RATING values('C10681','M00000681',2);
Insert into CUSTOMER_RATING values('C10682','M00000682',1);
Insert into CUSTOMER_RATING values('C10683','M00000683',3);
Insert into CUSTOMER_RATING values('C10684','M00000684',5);
Insert into CUSTOMER_RATING values('C10685','M00000685',3);
Insert into CUSTOMER_RATING values('C10686','M00000686',4);
Insert into CUSTOMER_RATING values('C10687','M00000687',2);
Insert into CUSTOMER_RATING values('C10688','M00000688',1);
Insert into CUSTOMER_RATING values('C10689','M00000689',3);
Insert into CUSTOMER_RATING values('C10690','M00000690',5);
Insert into CUSTOMER_RATING values('C10691','M00000691',3);
Insert into CUSTOMER_RATING values('C10692','M00000692',4);
Insert into CUSTOMER_RATING values('C10693','M00000693',2);
Insert into CUSTOMER_RATING values('C10694','M00000694',1);
Insert into CUSTOMER_RATING values('C10695','M00000695',3);
Insert into CUSTOMER_RATING values('C10696','M00000696',5);
Insert into CUSTOMER_RATING values('C10697','M00000697',3);
Insert into CUSTOMER_RATING values('C10698','M00000698',4);
Insert into CUSTOMER_RATING values('C10699','M00000699',2);
Insert into CUSTOMER_RATING values('C10700','M00000700',1);
Insert into CUSTOMER_RATING values('C10701','M00000701',3);
Insert into CUSTOMER_RATING values('C10702','M00000702',5);
Insert into CUSTOMER_RATING values('C10703','M00000703',3);
Insert into CUSTOMER_RATING values('C10704','M00000704',4);
Insert into CUSTOMER_RATING values('C10705','M00000705',2);
Insert into CUSTOMER_RATING values('C10706','M00000706',1);
Insert into CUSTOMER_RATING values('C10707','M00000707',3);
Insert into CUSTOMER_RATING values('C10708','M00000708',5);
Insert into CUSTOMER_RATING values('C10709','M00000709',3);
Insert into CUSTOMER_RATING values('C10710','M00000710',4);
Insert into CUSTOMER_RATING values('C10711','M00000711',2);
Insert into CUSTOMER_RATING values('C10712','M00000712',1);
Insert into CUSTOMER_RATING values('C10713','M00000713',3);
Insert into CUSTOMER_RATING values('C10714','M00000714',5);
Insert into CUSTOMER_RATING values('C10715','M00000715',3);
Insert into CUSTOMER_RATING values('C10716','M00000716',4);
Insert into CUSTOMER_RATING values('C10717','M00000717',2);
Insert into CUSTOMER_RATING values('C10718','M00000718',1);
Insert into CUSTOMER_RATING values('C10719','M00000719',3);
Insert into CUSTOMER_RATING values('C10720','M00000720',5);
Insert into CUSTOMER_RATING values('C10721','M00000721',3);
Insert into CUSTOMER_RATING values('C10722','M00000722',4);
Insert into CUSTOMER_RATING values('C10723','M00000723',2);
Insert into CUSTOMER_RATING values('C10724','M00000724',1);
Insert into CUSTOMER_RATING values('C10725','M00000725',3);
Insert into CUSTOMER_RATING values('C10726','M00000726',5);
Insert into CUSTOMER_RATING values('C10727','M00000727',3);
Insert into CUSTOMER_RATING values('C10728','M00000728',4);
Insert into CUSTOMER_RATING values('C10729','M00000729',2);
Insert into CUSTOMER_RATING values('C10730','M00000730',1);
Insert into CUSTOMER_RATING values('C10731','M00000731',3);
Insert into CUSTOMER_RATING values('C10732','M00000732',5);
Insert into CUSTOMER_RATING values('C10733','M00000733',3);
Insert into CUSTOMER_RATING values('C10734','M00000734',4);
Insert into CUSTOMER_RATING values('C10735','M00000735',2);
Insert into CUSTOMER_RATING values('C10736','M00000736',1);
Insert into CUSTOMER_RATING values('C10737','M00000737',3);
Insert into CUSTOMER_RATING values('C10738','M00000738',5);
Insert into CUSTOMER_RATING values('C10739','M00000739',3);
Insert into CUSTOMER_RATING values('C10740','M00000740',4);
Insert into CUSTOMER_RATING values('C10741','M00000741',2);
Insert into CUSTOMER_RATING values('C10742','M00000742',1);
Insert into CUSTOMER_RATING values('C10743','M00000743',3);
Insert into CUSTOMER_RATING values('C10744','M00000744',5);
Insert into CUSTOMER_RATING values('C10745','M00000745',3);
Insert into CUSTOMER_RATING values('C10746','M00000746',4);
Insert into CUSTOMER_RATING values('C10747','M00000747',2);
Insert into CUSTOMER_RATING values('C10748','M00000748',1);
Insert into CUSTOMER_RATING values('C10749','M00000749',3);
Insert into CUSTOMER_RATING values('C10750','M00000750',5);
Insert into CUSTOMER_RATING values('C10751','M00000751',3);
Insert into CUSTOMER_RATING values('C10752','M00000752',4);
Insert into CUSTOMER_RATING values('C10753','M00000753',2);
Insert into CUSTOMER_RATING values('C10754','M00000754',1);
Insert into CUSTOMER_RATING values('C10755','M00000755',3);
Insert into CUSTOMER_RATING values('C10756','M00000756',5);
Insert into CUSTOMER_RATING values('C10757','M00000757',3);
Insert into CUSTOMER_RATING values('C10758','M00000758',4);
Insert into CUSTOMER_RATING values('C10759','M00000759',2);
Insert into CUSTOMER_RATING values('C10760','M00000760',1);
Insert into CUSTOMER_RATING values('C10761','M00000761',3);
Insert into CUSTOMER_RATING values('C10762','M00000762',5);
Insert into CUSTOMER_RATING values('C10763','M00000763',3);
Insert into CUSTOMER_RATING values('C10764','M00000764',4);
Insert into CUSTOMER_RATING values('C10765','M00000765',2);
Insert into CUSTOMER_RATING values('C10766','M00000766',1);
Insert into CUSTOMER_RATING values('C10767','M00000767',3);
Insert into CUSTOMER_RATING values('C10768','M00000768',5);
Insert into CUSTOMER_RATING values('C10769','M00000769',3);
Insert into CUSTOMER_RATING values('C10770','M00000770',4);
Insert into CUSTOMER_RATING values('C10771','M00000771',2);
Insert into CUSTOMER_RATING values('C10772','M00000772',1);
Insert into CUSTOMER_RATING values('C10773','M00000773',3);
Insert into CUSTOMER_RATING values('C10774','M00000774',5);
Insert into CUSTOMER_RATING values('C10775','M00000775',3);
Insert into CUSTOMER_RATING values('C10776','M00000776',4);
Insert into CUSTOMER_RATING values('C10777','M00000777',2);
Insert into CUSTOMER_RATING values('C10778','M00000778',1);
Insert into CUSTOMER_RATING values('C10779','M00000779',3);
Insert into CUSTOMER_RATING values('C10780','M00000780',5);
Insert into CUSTOMER_RATING values('C10781','M00000781',3);
Insert into CUSTOMER_RATING values('C10782','M00000782',4);
Insert into CUSTOMER_RATING values('C10783','M00000783',2);
Insert into CUSTOMER_RATING values('C10784','M00000784',1);
Insert into CUSTOMER_RATING values('C10785','M00000785',3);
Insert into CUSTOMER_RATING values('C10786','M00000786',5);
Insert into CUSTOMER_RATING values('C10787','M00000787',3);
Insert into CUSTOMER_RATING values('C10788','M00000788',4);
Insert into CUSTOMER_RATING values('C10789','M00000789',2);
Insert into CUSTOMER_RATING values('C10790','M00000790',1);
Insert into CUSTOMER_RATING values('C10791','M00000791',3);
Insert into CUSTOMER_RATING values('C10792','M00000792',5);
Insert into CUSTOMER_RATING values('C10793','M00000793',3);
Insert into CUSTOMER_RATING values('C10794','M00000794',4);
Insert into CUSTOMER_RATING values('C10795','M00000795',2);
Insert into CUSTOMER_RATING values('C10796','M00000796',1);
Insert into CUSTOMER_RATING values('C10797','M00000797',3);
Insert into CUSTOMER_RATING values('C10798','M00000798',5);
Insert into CUSTOMER_RATING values('C10799','M00000799',3);
Insert into CUSTOMER_RATING values('C10800','M00000800',4);
Insert into CUSTOMER_RATING values('C10801','M00000801',2);
Insert into CUSTOMER_RATING values('C10802','M00000802',1);
Insert into CUSTOMER_RATING values('C10803','M00000803',3);
Insert into CUSTOMER_RATING values('C10804','M00000804',5);
Insert into CUSTOMER_RATING values('C10805','M00000805',3);
Insert into CUSTOMER_RATING values('C10806','M00000806',4);
Insert into CUSTOMER_RATING values('C10807','M00000807',2);
Insert into CUSTOMER_RATING values('C10808','M00000808',1);
Insert into CUSTOMER_RATING values('C10809','M00000809',3);
Insert into CUSTOMER_RATING values('C10810','M00000810',5);
Insert into CUSTOMER_RATING values('C10811','M00000811',3);
Insert into CUSTOMER_RATING values('C10812','M00000812',4);
Insert into CUSTOMER_RATING values('C10813','M00000813',2);
Insert into CUSTOMER_RATING values('C10814','M00000814',1);
Insert into CUSTOMER_RATING values('C10815','M00000815',3);
Insert into CUSTOMER_RATING values('C10816','M00000816',5);
Insert into CUSTOMER_RATING values('C10817','M00000817',3);
Insert into CUSTOMER_RATING values('C10818','M00000818',4);
Insert into CUSTOMER_RATING values('C10819','M00000819',2);
Insert into CUSTOMER_RATING values('C10820','M00000820',1);
Insert into CUSTOMER_RATING values('C10821','M00000821',3);
Insert into CUSTOMER_RATING values('C10822','M00000822',5);
Insert into CUSTOMER_RATING values('C10823','M00000823',3);
Insert into CUSTOMER_RATING values('C10824','M00000824',4);
Insert into CUSTOMER_RATING values('C10825','M00000825',2);
Insert into CUSTOMER_RATING values('C10826','M00000826',1);
Insert into CUSTOMER_RATING values('C10827','M00000827',3);
Insert into CUSTOMER_RATING values('C10828','M00000828',5);
Insert into CUSTOMER_RATING values('C10829','M00000829',3);
Insert into CUSTOMER_RATING values('C10830','M00000830',4);
Insert into CUSTOMER_RATING values('C10831','M00000831',2);
Insert into CUSTOMER_RATING values('C10832','M00000832',1);
Insert into CUSTOMER_RATING values('C10833','M00000833',3);
Insert into CUSTOMER_RATING values('C10834','M00000834',5);
Insert into CUSTOMER_RATING values('C10835','M00000835',3);
Insert into CUSTOMER_RATING values('C10836','M00000836',4);
Insert into CUSTOMER_RATING values('C10837','M00000837',2);
Insert into CUSTOMER_RATING values('C10838','M00000838',1);
Insert into CUSTOMER_RATING values('C10839','M00000839',3);
Insert into CUSTOMER_RATING values('C10840','M00000840',5);
Insert into CUSTOMER_RATING values('C10841','M00000841',3);
Insert into CUSTOMER_RATING values('C10842','M00000842',4);
Insert into CUSTOMER_RATING values('C10843','M00000843',2);
Insert into CUSTOMER_RATING values('C10844','M00000844',1);
Insert into CUSTOMER_RATING values('C10845','M00000845',3);
Insert into CUSTOMER_RATING values('C10846','M00000846',5);
Insert into CUSTOMER_RATING values('C10847','M00000847',3);
Insert into CUSTOMER_RATING values('C10848','M00000848',4);
Insert into CUSTOMER_RATING values('C10849','M00000849',2);
Insert into CUSTOMER_RATING values('C10850','M00000850',1);
Insert into CUSTOMER_RATING values('C10851','M00000851',3);
Insert into CUSTOMER_RATING values('C10852','M00000852',5);
Insert into CUSTOMER_RATING values('C10853','M00000853',3);
Insert into CUSTOMER_RATING values('C10854','M00000854',4);
Insert into CUSTOMER_RATING values('C10855','M00000855',2);
Insert into CUSTOMER_RATING values('C10856','M00000856',1);
Insert into CUSTOMER_RATING values('C10857','M00000857',3);
Insert into CUSTOMER_RATING values('C10858','M00000858',5);
Insert into CUSTOMER_RATING values('C10859','M00000859',3);
Insert into CUSTOMER_RATING values('C10860','M00000860',4);
Insert into CUSTOMER_RATING values('C10861','M00000861',2);
Insert into CUSTOMER_RATING values('C10862','M00000862',1);
Insert into CUSTOMER_RATING values('C10863','M00000863',3);
Insert into CUSTOMER_RATING values('C10864','M00000864',5);
Insert into CUSTOMER_RATING values('C10865','M00000865',3);
Insert into CUSTOMER_RATING values('C10866','M00000866',4);
Insert into CUSTOMER_RATING values('C10867','M00000867',2);
Insert into CUSTOMER_RATING values('C10868','M00000868',1);
Insert into CUSTOMER_RATING values('C10869','M00000869',3);
Insert into CUSTOMER_RATING values('C10870','M00000870',5);
Insert into CUSTOMER_RATING values('C10871','M00000871',3);
Insert into CUSTOMER_RATING values('C10872','M00000872',4);
Insert into CUSTOMER_RATING values('C10873','M00000873',2);
Insert into CUSTOMER_RATING values('C10874','M00000874',1);
Insert into CUSTOMER_RATING values('C10875','M00000875',3);
Insert into CUSTOMER_RATING values('C10876','M00000876',5);
Insert into CUSTOMER_RATING values('C10877','M00000877',3);
Insert into CUSTOMER_RATING values('C10878','M00000878',4);
Insert into CUSTOMER_RATING values('C10879','M00000879',2);
Insert into CUSTOMER_RATING values('C10880','M00000880',1);
Insert into CUSTOMER_RATING values('C10881','M00000881',3);
Insert into CUSTOMER_RATING values('C10882','M00000882',5);
Insert into CUSTOMER_RATING values('C10883','M00000883',3);
Insert into CUSTOMER_RATING values('C10884','M00000884',4);
Insert into CUSTOMER_RATING values('C10885','M00000885',2);
Insert into CUSTOMER_RATING values('C10886','M00000886',1);
Insert into CUSTOMER_RATING values('C10887','M00000887',3);
Insert into CUSTOMER_RATING values('C10888','M00000888',5);
Insert into CUSTOMER_RATING values('C10889','M00000889',3);
Insert into CUSTOMER_RATING values('C10890','M00000890',4);
Insert into CUSTOMER_RATING values('C10891','M00000891',2);
Insert into CUSTOMER_RATING values('C10892','M00000892',1);
Insert into CUSTOMER_RATING values('C10893','M00000893',3);
Insert into CUSTOMER_RATING values('C10894','M00000894',5);
Insert into CUSTOMER_RATING values('C10895','M00000895',3);
Insert into CUSTOMER_RATING values('C10896','M00000896',4);
Insert into CUSTOMER_RATING values('C10897','M00000897',2);
Insert into CUSTOMER_RATING values('C10898','M00000898',1);
Insert into CUSTOMER_RATING values('C10899','M00000899',3);
Insert into CUSTOMER_RATING values('C10900','M00000900',5);
Insert into CUSTOMER_RATING values('C10901','M00000901',3);
Insert into CUSTOMER_RATING values('C10902','M00000902',4);
Insert into CUSTOMER_RATING values('C10903','M00000903',2);
Insert into CUSTOMER_RATING values('C10904','M00000904',1);
Insert into CUSTOMER_RATING values('C10905','M00000905',3);
Insert into CUSTOMER_RATING values('C10906','M00000906',5);
Insert into CUSTOMER_RATING values('C10907','M00000907',3);
Insert into CUSTOMER_RATING values('C10908','M00000908',4);
Insert into CUSTOMER_RATING values('C10909','M00000909',2);
Insert into CUSTOMER_RATING values('C10910','M00000910',1);
Insert into CUSTOMER_RATING values('C10911','M00000911',3);
Insert into CUSTOMER_RATING values('C10912','M00000912',5);
Insert into CUSTOMER_RATING values('C10913','M00000913',3);
Insert into CUSTOMER_RATING values('C10914','M00000914',4);
Insert into CUSTOMER_RATING values('C10915','M00000915',2);
Insert into CUSTOMER_RATING values('C10916','M00000916',1);
Insert into CUSTOMER_RATING values('C10917','M00000917',3);
Insert into CUSTOMER_RATING values('C10918','M00000918',5);
Insert into CUSTOMER_RATING values('C10919','M00000919',3);
Insert into CUSTOMER_RATING values('C10920','M00000920',4);
Insert into CUSTOMER_RATING values('C10921','M00000921',2);
Insert into CUSTOMER_RATING values('C10922','M00000922',1);
Insert into CUSTOMER_RATING values('C10923','M00000923',3);
Insert into CUSTOMER_RATING values('C10924','M00000924',5);
Insert into CUSTOMER_RATING values('C10925','M00000925',3);
Insert into CUSTOMER_RATING values('C10926','M00000926',4);
Insert into CUSTOMER_RATING values('C10927','M00000927',2);
Insert into CUSTOMER_RATING values('C10928','M00000928',1);
Insert into CUSTOMER_RATING values('C10929','M00000929',3);
Insert into CUSTOMER_RATING values('C10930','M00000930',5);
Insert into CUSTOMER_RATING values('C10931','M00000931',3);
Insert into CUSTOMER_RATING values('C10932','M00000932',4);
Insert into CUSTOMER_RATING values('C10933','M00000933',2);
Insert into CUSTOMER_RATING values('C10934','M00000934',1);
Insert into CUSTOMER_RATING values('C10935','M00000935',3);
Insert into CUSTOMER_RATING values('C10936','M00000936',5);
Insert into CUSTOMER_RATING values('C10937','M00000937',3);
Insert into CUSTOMER_RATING values('C10938','M00000938',4);
Insert into CUSTOMER_RATING values('C10939','M00000939',2);
Insert into CUSTOMER_RATING values('C10940','M00000940',1);
Insert into CUSTOMER_RATING values('C10941','M00000941',3);
Insert into CUSTOMER_RATING values('C10942','M00000942',5);
Insert into CUSTOMER_RATING values('C10943','M00000943',3);
Insert into CUSTOMER_RATING values('C10944','M00000944',4);
Insert into CUSTOMER_RATING values('C10945','M00000945',2);
Insert into CUSTOMER_RATING values('C10946','M00000946',1);
Insert into CUSTOMER_RATING values('C10947','M00000947',3);
Insert into CUSTOMER_RATING values('C10948','M00000948',5);
Insert into CUSTOMER_RATING values('C10949','M00000949',3);
Insert into CUSTOMER_RATING values('C10950','M00000950',4);
Insert into CUSTOMER_RATING values('C10951','M00000951',2);
Insert into CUSTOMER_RATING values('C10952','M00000952',1);
Insert into CUSTOMER_RATING values('C10953','M00000953',3);
Insert into CUSTOMER_RATING values('C10954','M00000954',5);
Insert into CUSTOMER_RATING values('C10955','M00000955',3);
Insert into CUSTOMER_RATING values('C10956','M00000956',4);
Insert into CUSTOMER_RATING values('C10957','M00000957',2);
Insert into CUSTOMER_RATING values('C10958','M00000958',1);
Insert into CUSTOMER_RATING values('C10959','M00000959',3);
Insert into CUSTOMER_RATING values('C10960','M00000960',5);
Insert into CUSTOMER_RATING values('C10961','M00000961',3);
Insert into CUSTOMER_RATING values('C10962','M00000962',4);
Insert into CUSTOMER_RATING values('C10963','M00000963',2);
Insert into CUSTOMER_RATING values('C10964','M00000964',1);
Insert into CUSTOMER_RATING values('C10965','M00000965',3);
Insert into CUSTOMER_RATING values('C10966','M00000966',5);
Insert into CUSTOMER_RATING values('C10967','M00000967',3);
Insert into CUSTOMER_RATING values('C10968','M00000968',4);
Insert into CUSTOMER_RATING values('C10969','M00000969',2);
Insert into CUSTOMER_RATING values('C10970','M00000970',1);
Insert into CUSTOMER_RATING values('C10971','M00000971',3);
Insert into CUSTOMER_RATING values('C10972','M00000972',5);
Insert into CUSTOMER_RATING values('C10973','M00000973',3);
Insert into CUSTOMER_RATING values('C10974','M00000974',4);
Insert into CUSTOMER_RATING values('C10975','M00000975',2);
Insert into CUSTOMER_RATING values('C10976','M00000976',1);
Insert into CUSTOMER_RATING values('C10977','M00000977',3);
Insert into CUSTOMER_RATING values('C10978','M00000978',5);
Insert into CUSTOMER_RATING values('C10979','M00000979',3);
Insert into CUSTOMER_RATING values('C10980','M00000980',4);
Insert into CUSTOMER_RATING values('C10981','M00000981',2);
Insert into CUSTOMER_RATING values('C10982','M00000982',1);
Insert into CUSTOMER_RATING values('C10983','M00000983',3);
Insert into CUSTOMER_RATING values('C10984','M00000984',5);
Insert into CUSTOMER_RATING values('C10985','M00000985',3);
Insert into CUSTOMER_RATING values('C10986','M00000986',4);
Insert into CUSTOMER_RATING values('C10987','M00000987',2);
Insert into CUSTOMER_RATING values('C10988','M00000988',1);
Insert into CUSTOMER_RATING values('C10989','M00000989',3);
Insert into CUSTOMER_RATING values('C10990','M00000990',5);
Insert into CUSTOMER_RATING values('C10991','M00000991',3);
Insert into CUSTOMER_RATING values('C10992','M00000992',4);
Insert into CUSTOMER_RATING values('C10993','M00000993',2);
Insert into CUSTOMER_RATING values('C10994','M00000994',1);
Insert into CUSTOMER_RATING values('C10995','M00000995',3);
Insert into CUSTOMER_RATING values('C10996','M00000996',5);
Insert into CUSTOMER_RATING values('C10997','M00000997',3);
Insert into CUSTOMER_RATING values('C10998','M00000998',4);
Insert into CUSTOMER_RATING values('C10999','M00000999',2);
Insert into CUSTOMER_RATING values('C11000','M00001000',1);
